Workbook

Sheet Line downtime
A1: Batch | B1: ='Downtime factors'!C2 -> Emergency stop | C1: ='Downtime factors'!D2 -> Batch change | D1: ='Downtime factors'!E2 -> Labeling error | E1: ='Downtime factors'!F2 -> Inventory shortage | F1: ='Downtime factors'!G2 -> Product spill | G1: ='Downtime factors'!H2 -> Machine adjustment | H1: ='Downtime factors'!I2 -> Machine failure | I1: ='Downtime factors'!J2 -> Batch coding error | ... M1: ='Downtime factors'!N2 -> Other | N1: total down time per min
A2: 422111 | C2: 60 | H2: 15 | N2: =SUM(B2:M2) -> 75
A3: 422112 | C3: 20 | I3: 20 | N3: =SUM(B3:M3) -> 40
A4: 422113 | C4: 50 | N4: =SUM(B4:M4) -> 50
A5: 422114 | E5: 25 | G5: 15 | N5: =SUM(B5:M5) -> 40
A6: 422115 | K6: 24 | N6: =SUM(B6:M6) -> 24
A7: 422116 | N7: =SUM(B7:M7) -> 0
A8: 422117 | C8: 10 | G8: 5 | N8: =SUM(B8:M8) -> 15
A9: 422118 | G9: 14 | H9: 16 | L9: 10 | M9: 20 | N9: =SUM(B9:M9) -> 60
A10: 422119 | E10: 25 | N10: =SUM(B10:M10) -> 25
A11: 422120 | E11: 20 | F11: 15 | J11: 17 | N11: =SUM(B11:M11) -> 52
A12: 422121 | H12: 15 | N12: =SUM(B12:M12) -> 15
A13: 422122 | H13: 25 | N13: =SUM(B13:M13) -> 25
A14: 422123 | E14: 43 | H14: 30 | N14: =SUM(B14:M14) -> 73
A15: 422124 | F15: 20 | G15: 20 | N15: =SUM(B15:M15) -> 40
A16: 422125 | L16: 10 | M16: 10 | N16: =SUM(B16:M16) -> 20
A17: 422126 | I17: 44 | N17: =SUM(B17:M17) -> 44
A18: 422127 | G18: 23 | N18: =SUM(B18:M18) -> 23
A19: 422128 | F19: 22 | H19: 30 | N19: =SUM(B19:M19) -> 52
A20: 422129 | M20: 15 | N20: =SUM(B20:M20) -> 15
A21: 422130 | C21: 20 | N21: =SUM(B21:M21) -> 20
A22: 422131 | E22: 20 | K22: 10 | N22: =SUM(B22:M22) -> 30
A23: 422132 | N23: =SUM(B23:M23) -> 0
A24: 422133 | H24: 20 | N24: =SUM(B24:M24) -> 20
A25: 422134 | H25: 30 | I25: 20 | N25: =SUM(B25:M25) -> 50
A26: 422135 | E26: 30 | M26: 15 | N26: =SUM(B26:M26) -> 45
A27: 422136 | N27: =SUM(B27:M27) -> 0
A28: 422137 | I28: 30 | K28: 15 | N28: =SUM(B28:M28) -> 45
A29: 422138 | D29: 20 | N29: =SUM(B29:M29) -> 20
A30: 422139 | E30: 20 | G30: 15 | N30: =SUM(B30:M30) -> 35
A31: 422140 | G31: 50 | L31: 13 | N31: =SUM(B31:M31) -> 63
A32: 422141 | M32: 7 | N32: =SUM(B32:M32) -> 7
A33: 422142 | G33: 30 | N33: =SUM(B33:M33) -> 30
A34: 422143 | G34: 40 | H34: 18 | N34: =SUM(B34:M34) -> 58
A35: 422144 | G35: 30 | I35: 24 | N35: =SUM(B35:M35) -> 54
A36: 422145 | D36: 22 | N36: =SUM(B36:M36) -> 22
A37: 422146 | G37: 30 | H37: 25 | M37: 7 | N37: =SUM(B37:M37) -> 62
A38: 422147 | E38: 17 | G38: 60 | H38: 30 | N38: =SUM(B38:M38) -> 107
A39: 422148 | E39: 25 | I39: 7 | N39: =SUM(B39:M39) -> 32
A40: Total | B40: =COUNT(B2:B39) -> 0 | C40: =COUNT(C2:C39) -> 5 | D40: =COUNT(D2:D39) -> 2 | E40: =COUNT(E2:E39) -> 9 | F40: =COUNT(F2:F39) -> 3 | G40: =COUNT(G2:G39) -> 12 | H40: =COUNT(H2:H39) -> 11 | I40: =COUNT(I2:I39) -> 6 | ... M40: =COUNT(M2:M39) -> 6

Sheet Line productivity
A1: Date | B1: Product | C1: Batch | D1: Operator | E1: Start Time | F1: End Time | H1: actual work time | I1: product capacity per ml | J1: l target | K1: l actual | L1: batch work time | M1: TARGET | N1: minimum downtime per operator | O1: total downtime | P1: man utilization rate | Q1: dee rate | R1: charlie rate | S1: mac rate | T1: dennis rate | W1: actual work time per min | Z1: waste | AA1: ='Line downtime'!B1 -> Emergency stop | AB1: ='Line downtime'!C1 -> Batch change | AC1: ='Line downtime'!D1 -> Labeling error | AD1: ='Line downtime'!E1 -> Inventory shortage | AE1: ='Line downtime'!F1 -> Product spill | AF1: ='Line downtime'!G1 -> Machine adjustment | AG1: ='Line downtime'!H1 -> Machine failure | AH1: ='Line downtime'!I1 -> Batch coding error | ... AL1: ='Line downtime'!M1 -> Other
A2: 45533 | B2: OR-600 | C2: 422111 | D2: Mac | E2: 0.49305556 | F2: 0.58680556 | G2: =F2-E2 -> 0.09375 | H2: =G2*1440 -> 135 | I2: =IF(J2=2,1200,600) -> 1200 | J2: 2 | K2: 600 | L2: 60 | M2: =($L$40-$N$2)/$L$40 -> 0.85020243 | N2: =(O9+O23+O22+O21+O11+O10+O29+O28+O24+O31+O30) -> 370 | O2: =H2-L2 -> 75 | P2: =L2*100/H2 -> 44.444444 | Q2: =660/1030 -> 0.6407767 | R2: =774/1158 -> 0.66839378 | S2: =518/850 -> 0.60941176 | T2: =518/820 -> 0.63170732 | V2: =100-P2 -> 55.555556 | Z2: =SUM(AC2+AD2+AG2+AI2+AL2) -> 15 | AA2: ='Line downtime'!B2 -> 0 | AB2: ='Line downtime'!C2 -> 60 | AC2: ='Line downtime'!D2 -> 0 | AD2: ='Line downtime'!E2 -> 0 | AE2: ='Line downtime'!F2 -> 0 | AF2: ='Line downtime'!G2 -> 0 | AG2: ='Line downtime'!H2 -> 15 | AH2: ='Line downtime'!I2 -> 0 | ... AL2: ='Line downtime'!M2 -> 0
A3: 45533 | B3: LE-600 | C3: 422112 | D3: Mac | E3: 0.58680556 | F3: 0.65625 | G3: =F3-E3 -> 0.069444444 | H3: =G3*1440 -> 100 | I3: 600 | J3: 2 | K3: 600 | L3: 60 | M3: =($L$40-$N$2)/$L$40 -> 0.85020243 | O3: =H3-L3 -> 40 | P3: =L3*100/H3 -> 60 | V3: =100-P3 -> 40 | Z3: =SUM(AC3+AD3+AG3+AI3+AL3) -> 0 | AA3: ='Line downtime'!B3 -> 0 | AB3: ='Line downtime'!C3 -> 20 | AC3: ='Line downtime'!D3 -> 0 | AD3: ='Line downtime'!E3 -> 0 | AE3: ='Line downtime'!F3 -> 0 | AF3: ='Line downtime'!G3 -> 0 | AG3: ='Line downtime'!H3 -> 0 | AH3: ='Line downtime'!I3 -> 20 | ... AL3: ='Line downtime'!M3 -> 0
A4: 45533 | B4: LE-600 | C4: 422113 | D4: Mac | E4: 0.65625 | F4: 0.73263889 | G4: =F4-E4 -> 0.076388889 | H4: =G4*1440 -> 110 | I4: =IF(J4=2,1200,600) -> 1200 | J4: 2 | K4: 600 | L4: 60 | M4: =($L$40-$N$2)/$L$40 -> 0.85020243 | O4: =H4-L4 -> 50 | P4: =L4*100/H4 -> 54.545455 | V4: =100-P4 -> 45.454545 | Z4: =SUM(AC4+AD4+AG4+AI4+AL4) -> 0 | AA4: ='Line downtime'!B4 -> 0 | AB4: ='Line downtime'!C4 -> 50 | AC4: ='Line downtime'!D4 -> 0 | AD4: ='Line downtime'!E4 -> 0 | AE4: ='Line downtime'!F4 -> 0 | AF4: ='Line downtime'!G4 -> 0 | AG4: ='Line downtime'!H4 -> 0 | AH4: ='Line downtime'!I4 -> 0 | ... AL4: ='Line downtime'!M4 -> 0
A5: 45533 | B5: LE-600 | C5: 422114 | D5: Mac | E5: 0.73263889 | F5: 0.80208333 | G5: =F5-E5 -> 0.069444444 | H5: =G5*1440 -> 100 | I5: =IF(J5=2,1200,600) -> 1200 | J5: 2 | K5: 600 | L5: 60 | M5: =($L$40-$N$2)/$L$40 -> 0.85020243 | O5: =H5-L5 -> 40 | P5: =L5*100/H5 -> 60 | V5: =100-P5 -> 40 | Z5: =SUM(AC5+AD5+AG5+AI5+AL5) -> 25 | AA5: ='Line downtime'!B5 -> 0 | AB5: ='Line downtime'!C5 -> 0 | AC5: ='Line downtime'!D5 -> 0 | AD5: ='Line downtime'!E5 -> 25 | AE5: ='Line downtime'!F5 -> 0 | AF5: ='Line downtime'!G5 -> 15 | AG5: ='Line downtime'!H5 -> 0 | AH5: ='Line downtime'!I5 -> 0 | ... AL5: ='Line downtime'!M5 -> 0
A6: 45533 | B6: LE-600 | C6: 422115 | D6: Charlie | E6: 0.80208333 | F6: 0.86041667 | G6: =F6-E6 -> 0.058333333 | H6: =G6*1440 -> 84 | I6: =IF(J6=2,1200,600) -> 600 | J6: 1 | K6: 600 | L6: 60 | M6: =($L$40-$N$2)/$L$40 -> 0.85020243 | O6: =H6-L6 -> 24 | P6: =L6*100/H6 -> 71.428571 | V6: =100-P6 -> 28.571429 | Y6: =SUM(AA6+AE6+AF6+AH6+AJ6+AK6) -> 24 | Z6: =SUM(AC6+AD6+AG6+AI6+AL6+AB6) -> 0 | AA6: ='Line downtime'!B6 -> 0 | AB6: ='Line downtime'!C6 -> 0 | AC6: ='Line downtime'!D6 -> 0 | AD6: ='Line downtime'!E6 -> 0 | AE6: ='Line downtime'!F6 -> 0 | AF6: ='Line downtime'!G6 -> 0 | AG6: ='Line downtime'!H6 -> 0 | AH6: ='Line downtime'!I6 -> 0 | ... AL6: ='Line downtime'!M6 -> 0
A7: 45533 | B7: LE-600 | C7: 422116 | D7: Charlie | E7: 0.86041667 | F7: 0.90208333 | G7: =F7-E7 -> 0.041666667 | H7: =G7*1440 -> 60 | I7: =IF(J7=2,1200,600) -> 600 | J7: 1 | K7: 600 | L7: 60 | M7: =($L$40-$N$2)/$L$40 -> 0.85020243 | O7: =H7-L7 -> -5.6843419e-14 | P7: =L7*100/H7 -> 100 | V7: =100-P7 -> 0 | Y7: =SUM(AA7+AE7+AF7+AH7+AJ7+AK7) -> 0 | Z7: =SUM(AC7+AD7+AG7+AI7+AL7+AB7) -> 0 | AA7: ='Line downtime'!B7 -> 0 | AB7: ='Line downtime'!C7 -> 0 | AC7: ='Line downtime'!D7 -> 0 | AD7: ='Line downtime'!E7 -> 0 | AE7: ='Line downtime'!F7 -> 0 | AF7: ='Line downtime'!G7 -> 0 | AG7: ='Line downtime'!H7 -> 0 | AH7: ='Line downtime'!I7 -> 0 | ... AL7: ='Line downtime'!M7 -> 0
A8: 45533 | B8: LE-600 | C8: 422117 | D8: Charlie | E8: 0.90208333 | F8: 0.95416667 | G8: =F8-E8 -> 0.052083333 | H8: =G8*1440 -> 75 | I8: =IF(J8=2,1200,600) -> 600 | J8: 1 | K8: 600 | L8: 60 | M8: =($L$40-$N$2)/$L$40 -> 0.85020243 | O8: =H8-L8 -> 15 | P8: =L8*100/H8 -> 80 | V8: =100-P8 -> 20 | Y8: =SUM(AA8+AE8+AF8+AH8+AJ8+AK8) -> 5 | Z8: =SUM(AC8+AD8+AG8+AI8+AL8+AB8) -> 10 | AA8: ='Line downtime'!B8 -> 0 | AB8: ='Line downtime'!C8 -> 10 | AC8: ='Line downtime'!D8 -> 0 | AD8: ='Line downtime'!E8 -> 0 | AE8: ='Line downtime'!F8 -> 0 | AF8: ='Line downtime'!G8 -> 5 | AG8: ='Line downtime'!H8 -> 0 | AH8: ='Line downtime'!I8 -> 0 | ... AL8: ='Line downtime'!M8 -> 0
A9: 45534 | B9: CO-600 | C9: 422118 | D9: Dee | E9: 0.17013889 | F9: 0.25347222 | G9: =F9-E9 -> 0.083333333 | H9: =G9*1440 -> 120 | I9: =IF(J9=2,1200,600) -> 1200 | J9: 2 | K9: 600 | L9: 60 | M9: =($L$40-$N$2)/$L$40 -> 0.85020243 | O9: =H9-L9 -> 60 | P9: =L9*100/H9 -> 50 | V9: =100-P9 -> 50 | Z9: =SUM(AC9+AD9+AG9+AI9+AL9) -> 36 | AA9: ='Line downtime'!B9 -> 0 | AB9: ='Line downtime'!C9 -> 0 | AC9: ='Line downtime'!D9 -> 0 | AD9: ='Line downtime'!E9 -> 0 | AE9: ='Line downtime'!F9 -> 0 | AF9: ='Line downtime'!G9 -> 14 | AG9: ='Line downtime'!H9 -> 16 | AH9: ='Line downtime'!I9 -> 0 | ... AL9: ='Line downtime'!M9 -> 20
A10: 45534 | B10: CO-600 | C10: 422119 | D10: Dee | E10: 0.25347222 | F10: 0.3125 | G10: =F10-E10 -> 0.059027778 | H10: =G10*1440 -> 85 | I10: =IF(J10=2,1200,600) -> 600 | J10: 1 | K10: 600 | L10: 60 | M10: =($L$40-$N$2)/$L$40 -> 0.85020243 | O10: =H10-L10 -> 25 | P10: =L10*100/H10 -> 70.588235 | V10: =100-P10 -> 29.411765 | Z10: =SUM(AC10+AD10+AG10+AI10+AL10) -> 25 | AA10: ='Line downtime'!B10 -> 0 | AB10: ='Line downtime'!C10 -> 0 | AC10: ='Line downtime'!D10 -> 0 | AD10: ='Line downtime'!E10 -> 25 | AE10: ='Line downtime'!F10 -> 0 | AF10: ='Line downtime'!G10 -> 0 | AG10: ='Line downtime'!H10 -> 0 | AH10: ='Line downtime'!I10 -> 0 | ... AL10: ='Line downtime'!M10 -> 0
A11: 45534 | B11: CO-600 | C11: 422120 | D11: Dee | E11: 0.3125 | F11: 0.39027778 | G11: =F11-E11 -> 0.077777778 | H11: =G11*1440 -> 112 | I11: =IF(J11=2,1200,600) -> 1200 | J11: 2 | K11: 600 | L11: 60 | M11: =($L$40-$N$2)/$L$40 -> 0.85020243 | O11: =H11-L11 -> 52 | P11: =L11*100/H11 -> 53.571429 | V11: =100-P11 -> 46.428571 | Z11: =SUM(AC11+AD11+AG11+AI11+AL11) -> 37 | AA11: ='Line downtime'!B11 -> 0 | AB11: ='Line downtime'!C11 -> 0 | AC11: ='Line downtime'!D11 -> 0 | AD11: ='Line downtime'!E11 -> 20 | AE11: ='Line downtime'!F11 -> 15 | AF11: ='Line downtime'!G11 -> 0 | AG11: ='Line downtime'!H11 -> 0 | AH11: ='Line downtime'!I11 -> 0 | ... AL11: ='Line downtime'!M11 -> 0
A12: 45534 | B12: CO-600 | C12: 422121 | D12: Dennis | E12: 0.39027778 | F12: 0.44236111 | G12: =F12-E12 -> 0.052083333 | H12: =G12*1440 -> 75 | I12: =IF(J12=2,1200,600) -> 600 | J12: 1 | K12: 600 | L12: 60 | M12: =($L$40-$N$2)/$L$40 -> 0.85020243 | O12: =H12-L12 -> 15 | P12: =L12*100/H12 -> 80 | V12: =100-P12 -> 20 | Z12: =SUM(AC12+AD12+AG12+AI12+AL12) -> 15 | AA12: ='Line downtime'!B12 -> 0 | AB12: ='Line downtime'!C12 -> 0 | AC12: ='Line downtime'!D12 -> 0 | AD12: ='Line downtime'!E12 -> 0 | AE12: ='Line downtime'!F12 -> 0 | AF12: ='Line downtime'!G12 -> 0 | AG12: ='Line downtime'!H12 -> 15 | AH12: ='Line downtime'!I12 -> 0 | ... AL12: ='Line downtime'!M12 -> 0
A13: 45534 | B13: CO-600 | C13: 422122 | D13: Dennis | E13: 0.44236111 | F13: 0.50138889 | G13: =F13-E13 -> 0.059027778 | H13: =G13*1440 -> 85 | I13: =IF(J13=2,1200,600) -> 600 | J13: 1 | K13: 600 | L13: 60 | M13: =($L$40-$N$2)/$L$40 -> 0.85020243 | O13: =H13-L13 -> 25 | P13: =L13*100/H13 -> 70.588235 | V13: =100-P13 -> 29.411765 | Z13: =SUM(AC13+AD13+AG13+AI13+AL13) -> 25 | AA13: ='Line downtime'!B13 -> 0 | AB13: ='Line downtime'!C13 -> 0 | AC13: ='Line downtime'!D13 -> 0 | AD13: ='Line downtime'!E13 -> 0 | AE13: ='Line downtime'!F13 -> 0 | AF13: ='Line downtime'!G13 -> 0 | AG13: ='Line downtime'!H13 -> 25 | AH13: ='Line downtime'!I13 -> 0 | ... AL13: ='Line downtime'!M13 -> 0
A14: 45534 | B14: CO-600 | C14: 422123 | D14: Dennis | E14: 0.50138889 | F14: 0.59375 | G14: =F14-E14 -> 0.092361111 | H14: =G14*1440 -> 133 | I14: =IF(J14=2,1200,600) -> 1200 | J14: 2 | K14: 600 | L14: 60 | M14: =($L$40-$N$2)/$L$40 -> 0.85020243 | O14: =H14-L14 -> 73 | P14: =L14*100/H14 -> 45.112782 | V14: =100-P14 -> 54.887218 | Z14: =SUM(AC14+AD14+AG14+AI14+AL14) -> 73 | AA14: ='Line downtime'!B14 -> 0 | AB14: ='Line downtime'!C14 -> 0 | AC14: ='Line downtime'!D14 -> 0 | AD14: ='Line downtime'!E14 -> 43 | AE14: ='Line downtime'!F14 -> 0 | AF14: ='Line downtime'!G14 -> 0 | AG14: ='Line downtime'!H14 -> 30 | AH14: ='Line downtime'!I14 -> 0 | ... AL14: ='Line downtime'!M14 -> 0
A15: 45534 | B15: CO-600 | C15: 422124 | D15: Dennis | E15: 0.59375 | F15: 0.66319444 | G15: =F15-E15 -> 0.069444444 | H15: =G15*1440 -> 100 | I15: =IF(J15=2,1200,600) -> 1200 | J15: 2 | K15: 600 | L15: 60 | M15: =($L$40-$N$2)/$L$40 -> 0.85020243 | O15: =H15-L15 -> 40 | P15: =L15*100/H15 -> 60 | V15: =100-P15 -> 40 | Z15: =SUM(AC15+AD15+AG15+AI15+AL15) -> 0 | AA15: ='Line downtime'!B15 -> 0 | AB15: ='Line downtime'!C15 -> 0 | AC15: ='Line downtime'!D15 -> 0 | AD15: ='Line downtime'!E15 -> 0 | AE15: ='Line downtime'!F15 -> 20 | AF15: ='Line downtime'!G15 -> 20 | AG15: ='Line downtime'!H15 -> 0 | AH15: ='Line downtime'!I15 -> 0 | ... AL15: ='Line downtime'!M15 -> 0
A16: 45534 | B16: CO-600 | C16: 422125 | D16: Charlie | E16: 0.66319444 | F16: 0.71875 | G16: =F16-E16 -> 0.055555556 | H16: =G16*1440 -> 80 | I16: =IF(J16=2,1200,600) -> 600 | J16: 1 | K16: 600 | L16: 60 | M16: =($L$40-$N$2)/$L$40 -> 0.85020243 | O16: =H16-L16 -> 20 | P16: =L16*100/H16 -> 75 | V16: =100-P16 -> 25 | Y16: =SUM(AA16+AE16+AF16+AH16+AJ16+AK16) -> 10 | Z16: =SUM(AC16+AD16+AG16+AI16+AL16+AB16) -> 10 | AA16: ='Line downtime'!B16 -> 0 | AB16: ='Line downtime'!C16 -> 0 | AC16: ='Line downtime'!D16 -> 0 | AD16: ='Line downtime'!E16 -> 0 | AE16: ='Line downtime'!F16 -> 0 | AF16: ='Line downtime'!G16 -> 0 | AG16: ='Line downtime'!H16 -> 0 | AH16: ='Line downtime'!I16 -> 0 | ... AL16: ='Line downtime'!M16 -> 10
A17: 45534 | B17: CO-600 | C17: 422126 | D17: Charlie | E17: 0.71875 | F17: 0.79097222 | G17: =F17-E17 -> 0.072222222 | H17: =G17*1440 -> 104 | I17: =IF(J17=2,1200,600) -> 1200 | J17: 2 | K17: 600 | L17: 60 | M17: =($L$40-$N$2)/$L$40 -> 0.85020243 | O17: =H17-L17 -> 44 | P17: =L17*100/H17 -> 57.692308 | V17: =100-P17 -> 42.307692 | Y17: =SUM(AA17+AE17+AF17+AH17+AJ17+AK17) -> 44 | Z17: =SUM(AC17+AD17+AG17+AI17+AL17+AB17) -> 0 | AA17: ='Line downtime'!B17 -> 0 | AB17: ='Line downtime'!C17 -> 0 | AC17: ='Line downtime'!D17 -> 0 | AD17: ='Line downtime'!E17 -> 0 | AE17: ='Line downtime'!F17 -> 0 | AF17: ='Line downtime'!G17 -> 0 | AG17: ='Line downtime'!H17 -> 0 | AH17: ='Line downtime'!I17 -> 44 | ... AL17: ='Line downtime'!M17 -> 0
A18: 45534 | B18: CO-600 | C18: 422127 | D18: Charlie | E18: 0.79097222 | F18: 0.84861111 | G18: =F18-E18 -> 0.057638889 | H18: =G18*1440 -> 83 | I18: =IF(J18=2,1200,600) -> 600 | J18: 1 | K18: 600 | L18: 60 | M18: =($L$40-$N$2)/$L$40 -> 0.85020243 | O18: =H18-L18 -> 23 | P18: =L18*100/H18 -> 72.289157 | V18: =100-P18 -> 27.710843 | Y18: =SUM(AA18+AE18+AF18+AH18+AJ18+AK18) -> 23 | Z18: =SUM(AC18+AD18+AG18+AI18+AL18+AB18) -> 0 | AA18: ='Line downtime'!B18 -> 0 | AB18: ='Line downtime'!C18 -> 0 | AC18: ='Line downtime'!D18 -> 0 | AD18: ='Line downtime'!E18 -> 0 | AE18: ='Line downtime'!F18 -> 0 | AF18: ='Line downtime'!G18 -> 23 | AG18: ='Line downtime'!H18 -> 0 | AH18: ='Line downtime'!I18 -> 0 | ... AL18: ='Line downtime'!M18 -> 0
A19: 45534 | B19: CO-600 | C19: 422128 | D19: Charlie | E19: 0.84861111 | F19: 0.92638889 | G19: =F19-E19 -> 0.077777778 | H19: =G19*1440 -> 112 | I19: =IF(J19=2,1200,600) -> 1200 | J19: 2 | K19: 600 | L19: 60 | M19: =($L$40-$N$2)/$L$40 -> 0.85020243 | O19: =H19-L19 -> 52 | P19: =L19*100/H19 -> 53.571429 | V19: =100-P19 -> 46.428571 | Y19: =SUM(AA19+AE19+AF19+AH19+AJ19+AK19) -> 22 | Z19: =SUM(AC19+AD19+AG19+AI19+AL19+AB19) -> 30 | AA19: ='Line downtime'!B19 -> 0 | AB19: ='Line downtime'!C19 -> 0 | AC19: ='Line downtime'!D19 -> 0 | AD19: ='Line downtime'!E19 -> 0 | AE19: ='Line downtime'!F19 -> 22 | AF19: ='Line downtime'!G19 -> 0 | AG19: ='Line downtime'!H19 -> 30 | AH19: ='Line downtime'!I19 -> 0 | ... AL19: ='Line downtime'!M19 -> 0
A20: 45534 | B20: CO-600 | C20: 422129 | D20: Charlie | E20: 0.92638889 | F20: 0.97847222 | G20: =F20-E20 -> 0.052083333 | H20: =G20*1440 -> 75 | I20: =IF(J20=2,1200,600) -> 600 | J20: 1 | K20: 600 | L20: 60 | M20: =($L$40-$N$2)/$L$40 -> 0.85020243 | O20: =H20-L20 -> 15 | P20: =L20*100/H20 -> 80 | V20: =100-P20 -> 20 | Y20: =SUM(AA20+AE20+AF20+AH20+AJ20+AK20) -> 0 | Z20: =SUM(AC20+AD20+AG20+AI20+AL20+AB20) -> 15 | AA20: ='Line downtime'!B20 -> 0 | AB20: ='Line downtime'!C20 -> 0 | AC20: ='Line downtime'!D20 -> 0 | AD20: ='Line downtime'!E20 -> 0 | AE20: ='Line downtime'!F20 -> 0 | AF20: ='Line downtime'!G20 -> 0 | AG20: ='Line downtime'!H20 -> 0 | AH20: ='Line downtime'!I20 -> 0 | ... AL20: ='Line downtime'!M20 -> 15
A21: 45535 | B21: CO-600 | C21: 422130 | D21: Dee | E21: 0.32291667 | F21: 0.37847222 | G21: =F21-E21 -> 0.055555556 | H21: =G21*1440 -> 80 | I21: =IF(J21=2,1200,600) -> 600 | J21: 1 | K21: 600 | L21: 60 | M21: =($L$40-$N$2)/$L$40 -> 0.85020243 | O21: =H21-L21 -> 20 | P21: =L21*100/H21 -> 75 | V21: =100-P21 -> 25 | Z21: =SUM(AC21+AD21+AG21+AI21+AL21) -> 0 | AA21: ='Line downtime'!B21 -> 0 | AB21: ='Line downtime'!C21 -> 20 | AC21: ='Line downtime'!D21 -> 0 | AD21: ='Line downtime'!E21 -> 0 | AE21: ='Line downtime'!F21 -> 0 | AF21: ='Line downtime'!G21 -> 0 | AG21: ='Line downtime'!H21 -> 0 | AH21: ='Line downtime'!I21 -> 0 | ... AL21: ='Line downtime'!M21 -> 0
A22: 45535 | B22: CO-600 | C22: 422131 | D22: Dee | E22: 0.37847222 | F22: 0.44097222 | G22: =F22-E22 -> 0.0625 | H22: =G22*1440 -> 90 | I22: =IF(J22=2,1200,600) -> 1200 | J22: 2 | K22: 600 | L22: 60 | M22: =($L$40-$N$2)/$L$40 -> 0.85020243 | O22: =H22-L22 -> 30 | P22: =L22*100/H22 -> 66.666667 | V22: =100-P22 -> 33.333333 | Z22: =SUM(AC22+AD22+AG22+AI22+AL22) -> 20 | AA22: ='Line downtime'!B22 -> 0 | AB22: ='Line downtime'!C22 -> 0 | AC22: ='Line downtime'!D22 -> 0 | AD22: ='Line downtime'!E22 -> 20 | AE22: ='Line downtime'!F22 -> 0 | AF22: ='Line downtime'!G22 -> 0 | AG22: ='Line downtime'!H22 -> 0 | AH22: ='Line downtime'!I22 -> 0 | ... AL22: ='Line downtime'!M22 -> 0
A23: 45535 | B23: CO-600 | C23: 422132 | D23: Dee | E23: 0.44097222 | F23: 0.48263889 | G23: =F23-E23 -> 0.041666667 | H23: =G23*1440 -> 60 | I23: =IF(J23=2,1200,600) -> 600 | J23: 1 | K23: 600 | L23: 60 | M23: =($L$40-$N$2)/$L$40 -> 0.85020243 | O23: =H23-L23 -> 0 | P23: =L23*100/H23 -> 100 | V23: =100-P23 -> 0 | Z23: =SUM(AC23+AD23+AG23+AI23+AL23) -> 0 | AA23: ='Line downtime'!B23 -> 0 | AB23: ='Line downtime'!C23 -> 0 | AC23: ='Line downtime'!D23 -> 0 | AD23: ='Line downtime'!E23 -> 0 | AE23: ='Line downtime'!F23 -> 0 | AF23: ='Line downtime'!G23 -> 0 | AG23: ='Line downtime'!H23 -> 0 | AH23: ='Line downtime'!I23 -> 0 | ... AL23: ='Line downtime'!M23 -> 0
A24: 45535 | B24: DC-600 | C24: 422133 | D24: Dee | E24: 0.48263889 | F24: 0.53819444 | G24: =F24-E24 -> 0.055555556 | H24: =G24*1440 -> 80 | I24: =IF(J24=2,1200,600) -> 600 | J24: 1 | K24: 600 | L24: 60 | M24: =($L$40-$N$2)/$L$40 -> 0.85020243 | O24: =H24-L24 -> 20 | P24: =L24*100/H24 -> 75 | V24: =100-P24 -> 25 | Z24: =SUM(AC24+AD24+AG24+AI24+AL24) -> 20 | AA24: ='Line downtime'!B24 -> 0 | AB24: ='Line downtime'!C24 -> 0 | AC24: ='Line downtime'!D24 -> 0 | AD24: ='Line downtime'!E24 -> 0 | AE24: ='Line downtime'!F24 -> 0 | AF24: ='Line downtime'!G24 -> 0 | AG24: ='Line downtime'!H24 -> 20 | AH24: ='Line downtime'!I24 -> 0 | ... AL24: ='Line downtime'!M24 -> 0
A25: 45535 | B25: DC-600 | C25: 422134 | D25: Mac | E25: 0.53819444 | F25: 0.61458333 | G25: =F25-E25 -> 0.076388889 | H25: =G25*1440 -> 110 | I25: =IF(J25=2,1200,600) -> 1200 | J25: 2 | K25: 600 | L25: 60 | M25: =($L$40-$N$2)/$L$40 -> 0.85020243 | O25: =H25-L25 -> 50 | P25: =L25*100/H25 -> 54.545455 | V25: =100-P25 -> 45.454545 | Z25: =SUM(AC25+AD25+AG25+AI25+AL25) -> 30 | AA25: ='Line downtime'!B25 -> 0 | AB25: ='Line downtime'!C25 -> 0 | AC25: ='Line downtime'!D25 -> 0 | AD25: ='Line downtime'!E25 -> 0 | AE25: ='Line downtime'!F25 -> 0 | AF25: ='Line downtime'!G25 -> 0 | AG25: ='Line downtime'!H25 -> 30 | AH25: ='Line downtime'!I25 -> 20 | ... AL25: ='Line downtime'!M25 -> 0
A26: 45535 | B26: DC-600 | C26: 422135 | D26: Mac | E26: 0.61458333 | F26: 0.6875 | G26: =F26-E26 -> 0.072916667 | H26: =G26*1440 -> 105 | I26: =IF(J26=2,1200,600) -> 1200 | J26: 2 | K26: 600 | L26: 60 | M26: =($L$40-$N$2)/$L$40 -> 0.85020243 | O26: =H26-L26 -> 45 | P26: =L26*100/H26 -> 57.142857 | V26: =100-P26 -> 42.857143 | Z26: =SUM(AC26+AD26+AG26+AI26+AL26) -> 45 | AA26: ='Line downtime'!B26 -> 0 | AB26: ='Line downtime'!C26 -> 0 | AC26: ='Line downtime'!D26 -> 0 | AD26: ='Line downtime'!E26 -> 30 | AE26: ='Line downtime'!F26 -> 0 | AF26: ='Line downtime'!G26 -> 0 | AG26: ='Line downtime'!H26 -> 0 | AH26: ='Line downtime'!I26 -> 0 | ... AL26: ='Line downtime'!M26 -> 15
A27: 45535 | B27: DC-600 | C27: 422136 | D27: Mac | E27: 0.6875 | F27: 0.72916667 | G27: =F27-E27 -> 0.041666667 | H27: =G27*1440 -> 60 | I27: =IF(J27=2,1200,600) -> 600 | J27: 1 | K27: 600 | L27: 60 | M27: =($L$40-$N$2)/$L$40 -> 0.85020243 | O27: =H27-L27 -> -5.6843419e-14 | P27: =L27*100/H27 -> 100 | V27: =100-P27 -> 0 | Z27: =SUM(AC27+AD27+AG27+AI27+AL27) -> 0 | AA27: ='Line downtime'!B27 -> 0 | AB27: ='Line downtime'!C27 -> 0 | AC27: ='Line downtime'!D27 -> 0 | AD27: ='Line downtime'!E27 -> 0 | AE27: ='Line downtime'!F27 -> 0 | AF27: ='Line downtime'!G27 -> 0 | AG27: ='Line downtime'!H27 -> 0 | AH27: ='Line downtime'!I27 -> 0 | ... AL27: ='Line downtime'!M27 -> 0
A28: 45537 | B28: RB-600 | C28: 422137 | D28: Dee | E28: 0.041666667 | F28: 0.11458333 | G28: =F28-E28 -> 0.072916667 | H28: =G28*1440 -> 105 | I28: =IF(J28=2,1200,600) -> 600 | J28: 1 | K28: 600 | L28: 60 | M28: =($L$40-$N$2)/$L$40 -> 0.85020243 | O28: =H28-L28 -> 45 | P28: =L28*100/H28 -> 57.142857 | V28: =100-P28 -> 42.857143 | Z28: =SUM(AC28+AD28+AG28+AI28+AL28) -> 0 | AA28: ='Line downtime'!B28 -> 0 | AB28: ='Line downtime'!C28 -> 0 | AC28: ='Line downtime'!D28 -> 0 | AD28: ='Line downtime'!E28 -> 0 | AE28: ='Line downtime'!F28 -> 0 | AF28: ='Line downtime'!G28 -> 0 | AG28: ='Line downtime'!H28 -> 0 | AH28: ='Line downtime'!I28 -> 30 | ... AL28: ='Line downtime'!M28 -> 0
A29: 45537 | B29: RB-600 | C29: 422138 | D29: Dee | E29: 0.11458333 | F29: 0.17013889 | G29: =F29-E29 -> 0.055555556 | H29: =G29*1440 -> 80 | I29: =IF(J29=2,1200,600) -> 600 | J29: 1 | K29: 600 | L29: 60 | M29: =($L$40-$N$2)/$L$40 -> 0.85020243 | O29: =H29-L29 -> 20 | P29: =L29*100/H29 -> 75 | V29: =100-P29 -> 25 | Z29: =SUM(AC29+AD29+AG29+AI29+AL29) -> 20 | AA29: ='Line downtime'!B29 -> 0 | AB29: ='Line downtime'!C29 -> 0 | AC29: ='Line downtime'!D29 -> 20 | AD29: ='Line downtime'!E29 -> 0 | AE29: ='Line downtime'!F29 -> 0 | AF29: ='Line downtime'!G29 -> 0 | AG29: ='Line downtime'!H29 -> 0 | AH29: ='Line downtime'!I29 -> 0 | ... AL29: ='Line downtime'!M29 -> 0
A30: 45537 | B30: RB-600 | C30: 422139 | D30: Dee | E30: 0.17013889 | F30: 0.23611111 | G30: =F30-E30 -> 0.065972222 | H30: =G30*1440 -> 95 | I30: =IF(J30=2,1200,600) -> 600 | J30: 1 | K30: 600 | L30: 60 | M30: =($L$40-$N$2)/$L$40 -> 0.85020243 | O30: =H30-L30 -> 35 | P30: =L30*100/H30 -> 63.157895 | V30: =100-P30 -> 36.842105 | Z30: =SUM(AC30+AD30+AG30+AI30+AL30) -> 20 | AA30: ='Line downtime'!B30 -> 0 | AB30: ='Line downtime'!C30 -> 0 | AC30: ='Line downtime'!D30 -> 0 | AD30: ='Line downtime'!E30 -> 20 | AE30: ='Line downtime'!F30 -> 0 | AF30: ='Line downtime'!G30 -> 15 | AG30: ='Line downtime'!H30 -> 0 | AH30: ='Line downtime'!I30 -> 0 | ... AL30: ='Line downtime'!M30 -> 0
A31: 45537 | B31: RB-600 | C31: 422140 | D31: Dee | E31: 0.23611111 | F31: 0.32152778 | G31: =F31-E31 -> 0.085416667 | H31: =G31*1440 -> 123 | I31: =IF(J31=2,1200,600) -> 1200 | J31: 2 | K31: 600 | L31: 60 | M31: =($L$40-$N$2)/$L$40 -> 0.85020243 | O31: =H31-L31 -> 63 | P31: =L31*100/H31 -> 48.780488 | V31: =100-P31 -> 51.219512 | Z31: =SUM(AC31+AD31+AG31+AI31+AL31) -> 0 | AA31: ='Line downtime'!B31 -> 0 | AB31: ='Line downtime'!C31 -> 0 | AC31: ='Line downtime'!D31 -> 0 | AD31: ='Line downtime'!E31 -> 0 | AE31: ='Line downtime'!F31 -> 0 | AF31: ='Line downtime'!G31 -> 50 | AG31: ='Line downtime'!H31 -> 0 | AH31: ='Line downtime'!I31 -> 0 | ... AL31: ='Line downtime'!M31 -> 0
A32: 45537 | B32: RB-600 | C32: 422141 | D32: Dennis | E32: 0.32152778 | F32: 0.36805556 | G32: =F32-E32 -> 0.046527778 | H32: =G32*1440 -> 67 | I32: =IF(J32=2,1200,600) -> 600 | J32: 1 | K32: 600 | L32: 60 | M32: =($L$40-$N$2)/$L$40 -> 0.85020243 | O32: =H32-L32 -> 7 | P32: =L32*100/H32 -> 89.552239 | V32: =100-P32 -> 10.447761 | Z32: =SUM(AC32+AD32+AG32+AI32+AL32) -> 7 | AA32: ='Line downtime'!B32 -> 0 | AB32: ='Line downtime'!C32 -> 0 | AC32: ='Line downtime'!D32 -> 0 | AD32: ='Line downtime'!E32 -> 0 | AE32: ='Line downtime'!F32 -> 0 | AF32: ='Line downtime'!G32 -> 0 | AG32: ='Line downtime'!H32 -> 0 | AH32: ='Line downtime'!I32 -> 0 | ... AL32: ='Line downtime'!M32 -> 7
... A34: 45537 | B34: RB-600 | C34: 422143 | D34: Dennis | E34: 0.43055556 | F34: 0.5125 | G34: =F34-E34 -> 0.081944444 | H34: =G34*1440 -> 118 | I34: =IF(J34=2,1200,600) -> 600 | J34: 1 | K34: 600 | L34: 60 | M34: =($L$40-$N$2)/$L$40 -> 0.85020243 | O34: =H34-L34 -> 58 | P34: =L34*100/H34 -> 50.847458 | V34: =100-P34 -> 49.152542 | Z34: =SUM(AC34+AD34+AG34+AI34+AL34) -> 18 | AA34: ='Line downtime'!B34 -> 0 | AB34: ='Line downtime'!C34 -> 0 | AC34: ='Line downtime'!D34 -> 0 | AD34: ='Line downtime'!E34 -> 0 | AE34: ='Line downtime'!F34 -> 0 | AF34: ='Line downtime'!G34 -> 40 | AG34: ='Line downtime'!H34 -> 18 | AH34: ='Line downtime'!I34 -> 0 | ... AL34: ='Line downtime'!M34 -> 0
A35: 45537 | B35: CO-2L | C35: 422144 | D35: Dennis | E35: 0.5125 | F35: 0.61805556 | G35: =F35-E35 -> 0.10555556 | H35: =G35*1440 -> 152 | I35: 2000 | J35: 2 | K35: 2000 | L35: 98 | M35: =($L$40-$N$2)/$L$40 -> 0.85020243 | O35: =H35-L35 -> 54 | P35: =L35*100/H35 -> 64.473684 | V35: =100-P35 -> 35.526316 | Z35: =SUM(AC35+AD35+AG35+AI35+AL35) -> 0 | AA35: ='Line downtime'!B35 -> 0 | AB35: ='Line downtime'!C35 -> 0 | AC35: ='Line downtime'!D35 -> 0 | AD35: ='Line downtime'!E35 -> 0 | AE35: ='Line downtime'!F35 -> 0 | AF35: ='Line downtime'!G35 -> 30 | AG35: ='Line downtime'!H35 -> 0 | AH35: ='Line downtime'!I35 -> 24 | ... AL35: ='Line downtime'!M35 -> 0
A36: 45537 | B36: CO-2L | C36: 422145 | D36: Charlie | E36: 0.61805556 | F36: 0.70138889 | G36: =F36-E36 -> 0.083333333 | H36: =G36*1440 -> 120 | I36: 2000 | J36: 2 | K36: 2000 | L36: 98 | M36: =($L$40-$N$2)/$L$40 -> 0.85020243 | O36: =H36-L36 -> 22 | P36: =L36*100/H36 -> 81.666667 | V36: =100-P36 -> 18.333333 | Y36: =SUM(AA36+AE36+AF36+AH36+AJ36+AK36) -> 0 | Z36: =SUM(AC36+AD36+AG36+AI36+AL36+AB36) -> 22 | AA36: ='Line downtime'!B36 -> 0 | AB36: ='Line downtime'!C36 -> 0 | AC36: ='Line downtime'!D36 -> 22 | AD36: ='Line downtime'!E36 -> 0 | AE36: ='Line downtime'!F36 -> 0 | AF36: ='Line downtime'!G36 -> 0 | AG36: ='Line downtime'!H36 -> 0 | AH36: ='Line downtime'!I36 -> 0 | ... AL36: ='Line downtime'!M36 -> 0
A37: 45537 | B37: CO-2L | C37: 422146 | D37: Charlie | E37: 0.70138889 | F37: 0.8125 | G37: =F37-E37 -> 0.11111111 | H37: =G37*1440 -> 160 | I37: 2000 | J37: 2 | K37: 2000 | L37: 98 | M37: =($L$40-$N$2)/$L$40 -> 0.85020243 | O37: =H37-L37 -> 62 | P37: =L37*100/H37 -> 61.25 | V37: =100-P37 -> 38.75 | Y37: =SUM(AA37+AE37+AF37+AH37+AJ37+AK37) -> 30 | Z37: =SUM(AC37+AD37+AG37+AI37+AL37+AB37) -> 32 | AA37: ='Line downtime'!B37 -> 0 | AB37: ='Line downtime'!C37 -> 0 | AC37: ='Line downtime'!D37 -> 0 | AD37: ='Line downtime'!E37 -> 0 | AE37: ='Line downtime'!F37 -> 0 | AF37: ='Line downtime'!G37 -> 30 | AG37: ='Line downtime'!H37 -> 25 | AH37: ='Line downtime'!I37 -> 0 | ... AL37: ='Line downtime'!M37 -> 7
A38: 45537 | B38: CO-2L | C38: 422147 | D38: Charlie | E38: 0.8125 | F38: 0.95486111 | G38: =F38-E38 -> 0.14236111 | H38: =G38*1440 -> 205 | I38: 4000 | K38: 2000 | L38: 98 | M38: =($L$40-$N$2)/$L$40 -> 0.85020243 | O38: =H38-L38 -> 107 | P38: =L38*100/H38 -> 47.804878 | V38: =100-P38 -> 52.195122 | Y38: =SUM(AA38+AE38+AF38+AH38+AJ38+AK38) -> 60 | Z38: =SUM(AC38+AD38+AG38+AI38+AL38+AB38) -> 47 | AA38: ='Line downtime'!B38 -> 0 | AB38: ='Line downtime'!C38 -> 0 | AC38: ='Line downtime'!D38 -> 0 | AD38: ='Line downtime'!E38 -> 17 | AE38: ='Line downtime'!F38 -> 0 | AF38: ='Line downtime'!G38 -> 60 | AG38: ='Line downtime'!H38 -> 30 | AH38: ='Line downtime'!I38 -> 0 | ... AL38: ='Line downtime'!M38 -> 0
A39: 45538 | B39: CO-2L | C39: 422148 | D39: Mac | E39: 0.95486111 | F39: 1.0451389 | G39: =F39-E39 -> 0.090277778 | H39: =G39*1440 -> 130 | I39: 2000 | K39: 2000 | L39: 98 | M39: =($L$40-$N$2)/$L$40 -> 0.85020243 | O39: =H39-L39 -> 32 | P39: =L39*100/H39 -> 75.384615 | V39: =100-P39 -> 24.615385 | Z39: =SUM(AC39+AD39+AG39+AI39+AL39) -> 25 | AA39: ='Line downtime'!B39 -> 0 | AB39: ='Line downtime'!C39 -> 0 | AC39: ='Line downtime'!D39 -> 0 | AD39: ='Line downtime'!E39 -> 25 | AE39: ='Line downtime'!F39 -> 0 | AF39: ='Line downtime'!G39 -> 0 | AG39: ='Line downtime'!H39 -> 0 | AH39: ='Line downtime'!I39 -> 7 | ... AL39: ='Line downtime'!M39 -> 0
H40: =SUM(H2:H39) -> 3858 | I40: =SUM(I2:I39)/1000 -> 39.6 | K40: =SUM(K2:K39)/1000 -> 29.8 | L40: =SUM(L2:L39) -> 2470 | O40: =SUM(O2:O39) -> 1388 | P40: =L40/H40 -> 0.6402281 | Z40: =SUM(Z6:Z38)-W40 -> 557
H41: =H40*0.85 -> 3279.3 | L41: =L40-370 -> 2100 | O41: =O40*0.85 -> 1179.8 | P41: =O40*100/H40 -> 35.97719

Sheet Products
A1: Product | B1: Flavor | C1: Size | D1: Min batch time
A2: OR-600 | B2: Orange | C2: 600 ml | D2: 60
A3: LE-600 | B3: Lemon lime | C3: 600 ml | D3: 60
A4: CO-600 | B4: Cola | C4: 600 ml | D4: 60
A5: DC-600 | B5: Diet Cola | C5: 600 ml | D5: 60
A6: RB-600 | B6: Root Berry | C6: 600 ml | D6: 60
A7: CO-2L | B7: Cola | C7: 2 L | D7: 98

Sheet Downtime factors
B1: Factor | C1: 1 | D1: 2 | E1: 3 | F1: 4 | G1: 5 | H1: 6 | I1: 7 | J1: 8 | K1: 9 | L1: 10 | M1: 11 | N1: 12
B2: Description | C2: Emergency stop | D2: Batch change | E2: Labeling error | F2: Inventory shortage | G2: Product spill | H2: Machine adjustment | I2: Machine failure | J2: Batch coding error | K2: Conveyor belt jam | L2: Calibration error | M2: Label switch | N2: Other
B3: Operator Error | C3: No | D3: Yes | E3: No | F3: No | G3: Yes | H3: Yes | I3: No | J3: Yes | K3: No | L3: Yes | M3: Yes | N3: No

Sheet Line Downtime count 
A1: Failure type | B1: Count
A2: Emergency stop | B2: 0
A3: Batch change | B3: 5
A4: Labeling error | B4: 2
A5: Inventory shortage | B5: 9
A6: Product spill | B6: 3
A7: Machine adjustment | B7: 12
A8: Machine failure | B8: 11
A9: Batch coding error | B9: 6
A10: Conveyor belt jam | B10: 1
A11: Calibration error | B11: 3
A12: Label switch | B12: 3
A13: Other | B13: 6

Sheet Line Downtime total
A1: Failure type | B1: Count | C1: total
A2: Emergency stop | B2: =COUNT('[1]Line downtime per factor'!B2:AM2) -> 0 | C2: =SUM('[1]Line downtime per factor'!B2:AM2) -> 0
A3: Batch change | B3: =COUNT('[1]Line downtime per factor'!B3:AM3) -> 5 | C3: =SUM('[1]Line downtime per factor'!B3:AM3) -> 160
A4: Labeling error | B4: =COUNT('[1]Line downtime per factor'!B4:AM4) -> 2 | C4: =SUM('[1]Line downtime per factor'!B4:AM4) -> 42
A5: Inventory shortage | B5: =COUNT('[1]Line downtime per factor'!B5:AM5) -> 9 | C5: =SUM('[1]Line downtime per factor'!B5:AM5) -> 225
A6: Product spill | B6: =COUNT('[1]Line downtime per factor'!B6:AM6) -> 3 | C6: =SUM('[1]Line downtime per factor'!B6:AM6) -> 57
A7: Machine adjustment | B7: =COUNT('[1]Line downtime per factor'!B7:AM7) -> 12 | C7: =SUM('[1]Line downtime per factor'!B7:AM7) -> 332
A8: Machine failure | B8: =COUNT('[1]Line downtime per factor'!B8:AM8) -> 11 | C8: =SUM('[1]Line downtime per factor'!B8:AM8) -> 254
A9: Batch coding error | B9: =COUNT('[1]Line downtime per factor'!B9:AM9) -> 6 | C9: =SUM('[1]Line downtime per factor'!B9:AM9) -> 145
A10: Conveyor belt jam | B10: =COUNT('[1]Line downtime per factor'!B10:AM10) -> 1 | C10: =SUM('[1]Line downtime per factor'!B10:AM10) -> 17
A11: Calibration error | B11: =COUNT('[1]Line downtime per factor'!B11:AM11) -> 3 | C11: =SUM('[1]Line downtime per factor'!B11:AM11) -> 49
A12: Label switch | B12: =COUNT('[1]Line downtime per factor'!B12:AM12) -> 3 | C12: =SUM('[1]Line downtime per factor'!B12:AM12) -> 33
A13: Other | B13: =COUNT('[1]Line downtime per factor'!B13:AM13) -> 6 | C13: =SUM('[1]Line downtime per factor'!B13:AM13) -> 74

Sheet Sheet1
A1: Table | B1: Field | C1: Description
A2: Line productivity | C2: Fact table containing details for each batch produced
A3: Line productivity | B3: Date | C3: Date the batch was produced
A4: Line productivity | B4: Product | C4: ID for the product produced in the batch
A5: Line productivity | B5: Batch | C5: Unique ID for the batch produced
A6: Line productivity | B6: Operator | C6: Production line operator in charge of the batch
A7: Line productivity | B7: Start Time | C7: Time the batch production started
A8: Line productivity | B8: End Time | C8: Time the batch production ended
A9: Products | C9: Dimension table with details on each product
A10: Products | B10: Product | C10: Unique product ID
A11: Products | B11: Flavor | C11: Soda flavor for the product
A12: Products | B12: Size | C12: Product size (volume)
A13: Products | B13: Min batch time | C13: Minimum time required to produce a batch (with no downtime)
A14: Line downtime | C14: Fact table containing downtime (in minutes) by factor for each batch
A15: Line downtime | B15: Batch | C15: Unique ID for the batch produced
A16: Line downtime | B16: Downtime factor | C16: Downtime minutes for each factor ID (across columns)
A17: Downtime factors | C17: Dimension table with details on each downtime factor
A18: Downtime factors | B18: Factor | C18: Unique ID for each downtime factor
A19: Downtime factors | B19: Description | C19: Downtime factor description
A20: Downtime factors | B20: Operator Error | C20: Is this due to operator error? (Yes/No)

Sheet Sheet2
A1: التارجت عبارة عن هناخد اكتر عامل اشتغل أيام وبأقل وقت عطلة وتبقى القيمة دي هي اقصى قيمة عطلة ونطرحها من توتال العطلة والنسبة دي هتكون التارجت بتاعنا - تارجت اقل نسبة عطلة
A3: target | B3: minimum downtime per operator-total downtime/total downtime
